Store,Name,Price,Link
BOXLUNCH,Funko Pop! Animation Avatar: The Last Airbender Aang (Spirit) Glow-in-the-Dark Vinyl Figure - BoxLunch Exclusive,$12.90,https://www.boxlunch.com/product/funko-pop-animation-avatar-the-last-airbender-aang-spirit-glow-in-the-dark-vinyl-figure---boxlunch-exclusive/14602488.html?cgid=funko-boxlunch-exclusives
GAMESTOP,Funko POP! TV: The Office Angela Fun Run  3.75-in Vinyl Figure GameStop Exclusive,$11.99,https://www.gamestop.com/collectibles/funko/pop/products/funko-pop-tv-the-office-angela-fun-run--3.75-in-vinyl-figure-gamestop-exclusive/11114541.html?condition=New
GAMESTOP,Funko POP! TV: The Office Warrior Stanley Hudson 2021 FunKon Exclusive 5-in Vinyl Figure,$12.99,https://www.gamestop.com/collectibles/funko/pop/products/funko-pop-tv-the-office-warrior-stanley-hudson-2021-funkon-exclusive-5-in-vinyl-figure/11154226.html?condition=New
GAMESTOP,Funko Box: The Office 2020  3.75-in Vinyl Figure Set GameStop Exclusive,$29.99,https://www.gamestop.com/collectibles/funko/collector-boxes/products/funko-box-the-office-2020--3.75-in-vinyl-figure-set-gamestop-exclusive/11113020.html?condition=New
GAMESTOP,Funko POP! Star Wars 4-LOM Bounty Hunters Collection Deluxe Bobble-Head  3.75-in Vinyl Figure GameStop Exclusive,$19.99,https://www.gamestop.com/collectibles/funko/pop/products/funko-pop-star-wars-4-lom-bounty-hunters-collection-deluxe-bobble-head--3.75-in-vinyl-figure-gamestop-exclusive/11136104.html?condition=New
GAMESTOP,Funko POP! Deluxe: Star Wars Bounty Hunter IG-88 Metallic  3.75-in Vinyl Figure GameStop Exclusive,$19.99,https://www.gamestop.com/collectibles/funko/pop/products/funko-pop-deluxe-star-wars-bounty-hunter-ig-88-metallic--3.75-in-vinyl-figure-gamestop-exclusive/11114688.html?condition=New
GAMESTOP,Funko POP! Star Wars: Imperial Super Commando Bobblehead 2021 FunKon Exclusive 4.75-in Vinyl Figure,$12.99,https://www.gamestop.com/collectibles/funko/pop/products/funko-pop-star-wars-imperial-super-commando-bobblehead-2021-funkon-exclusive-4.75-in-vinyl-figure/11154227.html?condition=New
GAMESTOP,POP! Games: Star Wars: Knights of the Old Republic Revan GameStop Exclusive,$11.99,https://www.gamestop.com/collectibles/funko/pop/products/pop-games-star-wars-knights-of-the-old-republic-revan-gamestop-exclusive/11099343.html?condition=New
GAMESTOP,Funko POP! Games: Star Wars: The Force Unleashed Shadow Trooper  Vinyl Figure GameStop Exclusive,$11.99,https://www.gamestop.com/collectibles/funko/pop/products/funko-pop-games-star-wars-the-force-unleashed-shadow-trooper--vinyl-figure-gamestop-exclusive/11099346.html?condition=New
GAMESTOP,Funko POP! Star Wars: The Mandalorian The Child with Butterfly  3.75-in Vinyl Figure GameStop Exclusive,$11.99,https://www.gamestop.com/collectibles/funko/pop/products/funko-pop-star-wars-the-mandalorian-the-child-with-butterfly--3.75-in-vinyl-figure-gamestop-exclusive/11053571.html?condition=New
GAMESTOP,Funko POP! Games: Star Wars: Knights of the Old Republic Darth Malak  Vinyl Figure GameStop Exclusive,$11.99,https://www.gamestop.com/collectibles/funko/pop/products/funko-pop-games-star-wars-knights-of-the-old-republic-darth-malak--vinyl-figure-gamestop-exclusive/11099344.html?condition=New
GAMESTOP,POP! Star Wars: The Mandalorian Death Watch Mandalorian Two Stripes GameStop Exclusive,$11.99,https://www.gamestop.com/collectibles/funko/pop/products/pop-star-wars-the-mandalorian-death-watch-mandalorian-two-stripes-gamestop-exclusive/11096202.html?condition=New
GAMESTOP,POP! Star Wars: The Mandalorian The Child with Control Knob GameStop Exclusive,$11.99,https://www.gamestop.com/collectibles/funko/pop/products/pop-star-wars-the-mandalorian-the-child-with-control-knob-gamestop-exclusive/11099357.html?condition=New
GAMESTOP,Funko POP! Games: Star Wars: Battlefront Yoda Hooded  Vinyl Figure GameStop Exclusive,$11.99,https://www.gamestop.com/collectibles/funko/pop/products/funko-pop-games-star-wars-battlefront-yoda-hooded--vinyl-figure-gamestop-exclusive/11099345.html?condition=New
GAMESTOP,Funko POP! Deluxe: Marvel Street Art Collection Daredevil  Statue GameStop Exclusive,$11.99,https://www.gamestop.com/collectibles/funko/pop/products/funko-pop-deluxe-marvel-street-art-collection-daredevil--statue-gamestop-exclusive/11102477.html?condition=New
GAMESTOP,Funko Box: Marvel's Avengers Only at GameStop,$17.97,https://www.gamestop.com/collectibles/funko/collector-boxes/products/funko-box-marvels-avengers-only-at-gamestop/11097627.html?condition=New
GAMESTOP,Funko POP! Marvel: Deadpool Artist  3.75-in Vinyl Figure GameStop Exclusive,$11.99,https://www.gamestop.com/collectibles/funko/pop/products/funko-pop-marvel-deadpool-artist--3.75-in-vinyl-figure-gamestop-exclusive/11113072.html?condition=New
GAMESTOP,"Funko DC Dceased Mystery Box 1 POP! Vinyl Figure, Pin, Keychain, and Decal GameStop Exclusive",$19.99,https://www.gamestop.com/collectibles/funko/collector-boxes/products/funko-dc-dceased-mystery-box-1-pop-vinyl-figure-pin-keychain-and-decal-gamestop-exclusive/11120589.html?condition=New
GAMESTOP,Funko POP! Heroes: DC Super Heroes Harley Quinn with Mallet  Vinyl Figure GameStop Exclusive,$12.99,https://www.gamestop.com/collectibles/funko/pop/products/funko-pop-heroes-dc-super-heroes-harley-quinn-with-mallet--vinyl-figure-gamestop-exclusive/11094671.html?condition=New
GAMESTOP,Funko POP! Heroes: Batman and The Joker 2 Pack Vinyl Figure GameStop Exclusive,$22.99,https://www.gamestop.com/collectibles/funko/pop/products/funko-pop-heroes-batman-and-the-joker-2-pack-vinyl-figure-gamestop-exclusive/11136200.html?condition=New
GAMESTOP,Funko POP! Heroes: DC Super Heroes Harley Quinn with Mallet  Vinyl Figure GameStop Exclusive,$12.99,https://www.gamestop.com/collectibles/funko/pop/products/funko-pop-heroes-dc-super-heroes-harley-quinn-with-mallet--vinyl-figure-gamestop-exclusive/11094671.html?condition=New
GAMESTOP,POP! Animation: Avatar The Last Airbender - Azula - GameStop Exclusive,$11.99,https://www.gamestop.com/collectibles/funko/pop/products/pop-animation-avatar-the-last-airbender---azula---gamestop-exclusive/10166779.html?condition=New
FYE,Funko Pop! TV: The Office - Michael Golden Ticket,$15.00,https://www.fye.com/funko-pop%21-tv--the-office---michael-golden-ticket-fye.000000889698582209.html?cgid=toys_n_collectibles-action_figures-funko
FYE,Funko Pop!: The Office - Dwight Schrute [With Mask],$15.00,https://www.fye.com/funko-pop%21--the-office---dwight-schrute-with-mask-fye.000000889698448048.html?cgid=toys_n_collectibles-action_figures-funko
FYE,Funko Soda: The Office - Creed (Entertainment Earth Exclusive),$19.99,https://www.fye.com/funko-soda--the-office---creed-entertainment-earth-exclusive-fye.000000889698602907.html?cgid=toys_n_collectibles-action_figures-funko
FYE,Funko Pop! Star Wars: The Mandalorian Hologram Glow-in-the-Dark Pop! Vinyl Figure - Entertainment Earth Exclusive,$19.99,https://www.fye.com/funko-pop%21-star-wars--the-mandalorian-hologram-glow-in-the-dark-pop%21-vinyl-figure---entertainment-earth-exclusive-fye.000000889698606547.html?cgid=toys_n_collectibles-action_figures-funko
FYE,Funko Pop! Star Wars: The Mandalorian Dark Trooper with Grogu Glow-in-the-Dark Pop! Vinyl Figure - Entertainment Earth Exclusive,$19.99,https://www.fye.com/funko-pop%21-star-wars--the-mandalorian-dark-trooper-with-grogu-glow-in-the-dark-pop%21-vinyl-figure---entertainment-earth-exclusive-fye.000000889698582865.html?cgid=toys_n_collectibles-action_figures-funko
FYE,Funko Pop! Marvel Venom - Venomized Doctor Doom with Glow Chase,$15.00,https://www.fye.com/funko-pop%21-marvel-venom---venomized-doctor-doom-with-glow-chase-fye.000000889698572736.html?cgid=toys_n_collectibles-action_figures-funko
FYE,Funko Pop! Marvel: What If - T'Challa Starlord,$15.00,https://www.fye.com/funko-pop%21-marvel--what-if---tchalla-starlord-fye.000000889698561181.html?cgid=toys_n_collectibles-action_figures-funko
FYE,Funko Pop! Marvel: Venom Poison Spider-Man (EE Exclusive w/chase),$19.99,https://www.fye.com/funko-pop%21-marvel--venom-poison-spider-man-ee-exclusive-w-chase-fye.000000889698607094.html?cgid=toys_n_collectibles-action_figures-funko
FYE,Funko Pop! Marvel: Spiderman - Japanese TV Series (Previews Exclusive),$19.99,https://www.fye.com/funko-pop%21-marvel--spiderman---japanese-tv-series-previews-exclusive-fye.000000889698582506.html?cgid=toys_n_collectibles-action_figures-funko
FYE,Funko Pop! Marvel: Eternals - Phastos,$15.00,https://www.fye.com/funko-pop%21-marvel--eternals---phastos-fye.000000889698505659.html?cgid=toys_n_collectibles-action_figures-funko
FYE,Funko Pop! DC Comics: Doctor Fate (Summer Convention),$15.00,https://www.fye.com/funko-pop%21-dc-comics--doctor-fate-summer-convention-fye.000000889698555159.html?cgid=toys_n_collectibles-action_figures-funko
FYE,Funko Pop! DC Comics: Batman White Knight Batman/Joker PX Figure 2Pk (PX Exclusive - SDCC 2021),$29.99,https://www.fye.com/funko-pop%21-dc-comics--batman-white-knight-batman-joker-px-figure-2pk-px-exclusive---sdcc-2021-fye.000000889698561174.html?cgid=toys_n_collectibles-action_figures-funko
FYE,Funko Pop! DC Comics: Wonder Woman 80th Anniversary White Lantern Glow-in-the-Dark Pop! Vinyl Figure - Entertainment Earth Exclusive,$19.99,https://www.fye.com/funko-pop%21-dc-comics--wonder-woman-80th-anniversary-white-lantern-glow-in-the-dark-pop%21-vinyl-figure---entertainment-earth-exclusive-fye.000000889698572705.html?cgid=toys_n_collectibles-action_figures-funko
FYE,Funko Pop!: DC Super Heroes - Harley Quinn [w/ Boombox],$19.99,https://www.fye.com/funko-pop%21--dc-super-heroes---harley-quinn-w--boombox-fye.000000889698389761.html?cgid=toys_n_collectibles-action_figures-funko
FYE,Funko Pop! - DC Comic Red Hood vs. Deathstroke Comic Moment - SDCC 2020 Previews Exclusive,$39.99,https://www.fye.com/funko-pop%21---dc-comic-red-hood-vs.-deathstroke-comic-moment---sdcc-2020-previews-exclusive-fye.000000889698488860.html?cgid=toys_n_collectibles-action_figures-funko
FYE,Funko Pop!: DC Super Heroes - Harley Quinn [w/ Boombox],$19.99,https://www.fye.com/funko-pop%21--dc-super-heroes---harley-quinn-w--boombox-fye.000000889698389761.html?cgid=toys_n_collectibles-action_figures-funko
HOTTOPIC,Funko Marvel Pop! Doppelganger Spider-Man Vinyl Bobble-Head 2021 L.A. Comic Con Exclusive,$15.00,https://www.hottopic.com/product/funko-marvel-pop-doppelganger-spider-man-vinyl-bobble-head-2021-l.a.-comic-con-exclusive/15925196.html?cgid=funko-exclusives
HOTTOPIC,Funko Marvel X-Men Pop! Gambit (With Cat) Vinyl Figure Hot Topic Exclusive,$9.99,https://www.hottopic.com/product/funko-marvel-x-men-pop-gambit-with-cat-vinyl-figure-hot-topic-exclusive/15236773.html?cgid=funko-exclusives
HOTTOPIC,Funko Marvel: Infinity Warps Pop! Weapon Hex Vinyl Figure Hot Topic Exclusive,$9.99,https://www.hottopic.com/product/funko-marvel-infinity-warps-pop-weapon-hex-vinyl-figure-hot-topic-exclusive/14925875.html?cgid=funko-exclusives
HOTTOPIC,Funko DC Comics Pop! Heroes The Drowned Vinyl Figure Hot Topic Exclusive,$11.99,https://www.hottopic.com/product/funko-dc-comics-pop-heroes-the-drowned-vinyl-figure-hot-topic-exclusive/15848630.html?cgid=funko-exclusives
HOTTOPIC,Funko DC Comics Pop! Heroes Black Hand Vinyl Figure Hot Topic Exclusive,$9.99,https://www.hottopic.com/product/funko-dc-comics-pop-heroes-black-hand-vinyl-figure-hot-topic-exclusive/14423571.html?cgid=funko-exclusives
HOTTOPIC,Funko DC Comics Pop! Heroes The Penguin Snowman Vinyl Figure Hot Topic Exclusive,$8.99,https://www.hottopic.com/product/funko-dc-comics-pop-heroes-the-penguin-snowman-vinyl-figure-hot-topic-exclusive/13840144.html?cgid=funko-exclusives
HOTTOPIC,Funko DC Comics Pop! Heroes The Drowned Vinyl Figure Hot Topic Exclusive,$11.99,https://www.hottopic.com/product/funko-dc-comics-pop-heroes-the-drowned-vinyl-figure-hot-topic-exclusive/15848630.html?cgid=funko-exclusives
HOTTOPIC,Funko DC Comics Pop! Heroes Black Hand Vinyl Figure Hot Topic Exclusive,$9.99,https://www.hottopic.com/product/funko-dc-comics-pop-heroes-black-hand-vinyl-figure-hot-topic-exclusive/14423571.html?cgid=funko-exclusives
HOTTOPIC,Funko DC Comics Pop! Heroes The Penguin Snowman Vinyl Figure Hot Topic Exclusive,$8.99,https://www.hottopic.com/product/funko-dc-comics-pop-heroes-the-penguin-snowman-vinyl-figure-hot-topic-exclusive/13840144.html?cgid=funko-exclusives


funkopopexclusives-b7daf589ae48.json